category,total_revenue,total_quantity,avg_discount
Cleaning,93599.671,3583.0,0.08567275747508306
Storage,46781.347499999996,1726.0,0.08064236111111112
Outdoors,40103.944,1525.0,0.08208661417322835
Kitchen,33993.0415,1229.0,0.07555831265508685
Personal Care,24916.6365,902.0,0.08675496688741721
,610.6564999999999,22.0,0.15
